<TICKER>,<PER>,<DATE>,<TIME>,<OPEN>,<HIGH>,<LOW>,<CLOSE>,<VOL>
RTSI,1,20181214,100100,1129.0800000,1129.0800000,1128.1500000,1128.2800000,3735273
RTSI,1,20181214,100200,1128.5100000,1128.5400000,1124.9200000,1124.9200000,1848293
RTSI,1,20181214,100300,1124.9100000,1124.9100000,1124.1700000,1124.8900000,1063096
RTSI,1,20181214,100400,1124.8400000,1125.3500000,1124.6300000,1125.2200000,798166
RTSI,1,20181214,100500,1125.2000000,1125.2000000,1123.7700000,1124.0300000,1018915
RTSI,1,20181214,100600,1124.0200000,1124.0200000,1123.4000000,1123.7300000,1034039
RTSI,1,20181214,100700,1123.7800000,1124.4700000,1123.7800000,1124.2000000,941686
RTSI,1,20181214,100800,1124.1400000,1124.7300000,1124.1400000,1124.4900000,598448
RTSI,1,20181214,100900,1124.5100000,1124.7500000,1124.3900000,1124.4800000,609323
RTSI,1,20181214,101000,1124.4700000,1124.8000000,1124.3100000,1124.7300000,516042
RTSI,1,20181214,101100,1124.7300000,1124.7400000,1124.1800000,1124.2500000,1210337
RTSI,1,20181214,101200,1124.2500000,1124.7600000,1123.9400000,1124.6400000,920804
RTSI,1,20181214,101300,1124.6200000,1124.8600000,1124.5900000,1124.7100000,619236
RTSI,1,20181214,101400,1124.7200000,1124.7200000,1123.6600000,1123.6600000,417421
RTSI,1,20181214,101500,1123.6500000,1123.7000000,1123.4600000,1123.5500000,346316
RTSI,1,20181214,101600,1123.5900000,1123.6500000,1123.2600000,1123.5900000,936336
RTSI,1,20181214,101700,1123.5900000,1123.8300000,1123.3400000,1123.4500000,2369215
RTSI,1,20181214,101800,1123.4600000,1123.9000000,1123.3200000,1123.8200000,726805
RTSI,1,20181214,101900,1123.8300000,1124.0900000,1123.8300000,1124.0400000,409095
RTSI,1,20181214,102000,1124.0400000,1124.0400000,1123.1400000,1123.1400000,907011
RTSI,1,20181214,102100,1123.2000000,1123.2000000,1122.8900000,1122.9900000,608558
RTSI,1,20181214,102200,1122.9000000,1122.9500000,1122.5300000,1122.6100000,848411
RTSI,1,20181214,102300,1122.6700000,1122.6700000,1122.2700000,1122.3000000,888633
RTSI,1,20181214,102400,1122.3000000,1122.3000000,1121.3900000,1121.4800000,1707262
RTSI,1,20181214,102500,1121.4800000,1121.9000000,1121.3700000,1121.7600000,1130495
RTSI,1,20181214,102600,1121.7600000,1121.7600000,1119.6100000,1120.0700000,2292868
RTSI,1,20181214,102700,1120.1900000,1120.6800000,1120.1900000,1120.5000000,881134
RTSI,1,20181214,102800,1120.5500000,1121.2900000,1120.5400000,1121.1800000,841811
RTSI,1,20181214,102900,1121.1800000,1121.4900000,1120.9800000,1121.4600000,513735
RTSI,1,20181214,103000,1121.4600000,1121.6000000,1121.1900000,1121.2300000,503874
RTSI,1,20181214,103100,1121.2300000,1121.3300000,1120.9800000,1121.2500000,500470
RTSI,1,20181214,103200,1121.1800000,1121.5700000,1121.0900000,1121.5600000,860955
RTSI,1,20181214,103300,1121.5700000,1121.7800000,1121.2700000,1121.3500000,1062728
RTSI,1,20181214,103400,1121.4400000,1121.6700000,1121.2500000,1121.6700000,658782
RTSI,1,20181214,103500,1121.7700000,1121.8200000,1121.3800000,1121.6700000,689163
RTSI,1,20181214,103600,1121.6400000,1121.6400000,1120.5300000,1120.6100000,2120707
RTSI,1,20181214,103700,1120.6600000,1121.2200000,1120.5900000,1120.8900000,1744383
RTSI,1,20181214,103800,1120.8600000,1120.8800000,1119.5500000,1119.7800000,1516705
RTSI,1,20181214,103900,1119.6700000,1120.3000000,1119.5200000,1120.2400000,2719726
RTSI,1,20181214,104000,1120.2400000,1120.7400000,1120.1600000,1120.1900000,804492
RTSI,1,20181214,104100,1120.1900000,1120.4400000,1120.0700000,1120.4100000,537779
RTSI,1,20181214,104200,1120.3800000,1120.6500000,1120.3800000,1120.5000000,506085
RTSI,1,20181214,104300,1120.5400000,1120.9400000,1120.4400000,1120.9400000,491496
RTSI,1,20181214,104400,1120.9400000,1120.9700000,1120.8500000,1120.8600000,418130
RTSI,1,20181214,104500,1120.8700000,1120.9900000,1120.7400000,1120.8400000,591511
RTSI,1,20181214,104600,1120.9100000,1120.9400000,1120.6200000,1120.8200000,162210
RTSI,1,20181214,104700,1120.8200000,1120.9900000,1120.8000000,1120.8700000,308458
RTSI,1,20181214,104800,1120.9000000,1121.3900000,1120.8600000,1121.3800000,930223
RTSI,1,20181214,104900,1121.3900000,1121.8500000,1121.3900000,1121.8500000,704806
RTSI,1,20181214,105000,1121.8500000,1122.3300000,1121.8500000,1122.3200000,1028924
RTSI,1,20181214,105100,1122.3500000,1122.3500000,1122.0400000,1122.1200000,912051
RTSI,1,20181214,105200,1122.1500000,1122.5400000,1122.1500000,1122.4600000,204114
RTSI,1,20181214,105300,1122.4600000,1122.4900000,1122.2500000,1122.2600000,517837
RTSI,1,20181214,105400,1122.2600000,1122.5800000,1122.2400000,1122.5800000,259312
RTSI,1,20181214,105500,1122.5800000,1122.8500000,1122.5200000,1122.5200000,223755
RTSI,1,20181214,105600,1122.5100000,1122.7100000,1122.3200000,1122.3300000,183220
RTSI,1,20181214,105700,1122.3300000,1122.7100000,1122.2000000,1122.5600000,390043
RTSI,1,20181214,105800,1122.5000000,1122.5500000,1121.1700000,1121.1700000,2660551
RTSI,1,20181214,105900,1121.1600000,1121.3000000,1120.8500000,1121.3000000,328270
RTSI,1,20181214,110000,1121.1900000,1121.6100000,1120.5500000,1120.5500000,865945
RTSI,1,20181214,110100,1120.5800000,1120.9700000,1119.0600000,1119.0600000,2749727
RTSI,1,20181214,110200,1119.0800000,1119.0900000,1117.5400000,1118.2100000,2487374
RTSI,1,20181214,110300,1118.2300000,1119.0600000,1118.2300000,1119.0600000,645209
RTSI,1,20181214,110400,1119.0700000,1119.9700000,1119.0600000,1119.9600000,525250
RTSI,1,20181214,110500,1119.9800000,1121.3000000,1119.9700000,1120.9200000,2111492
RTSI,1,20181214,110600,1120.9300000,1120.9300000,1120.3300000,1120.4600000,506192
RTSI,1,20181214,110700,1120.4600000,1120.7400000,1120.2800000,1120.6700000,1792633
RTSI,1,20181214,110800,1120.4900000,1121.0800000,1120.3300000,1120.5000000,1825186
RTSI,1,20181214,110900,1120.5100000,1120.8800000,1120.3400000,1120.7200000,799497
RTSI,1,20181214,111000,1120.7700000,1120.9100000,1120.6200000,1120.7900000,1039788
RTSI,1,20181214,111100,1120.7900000,1120.7900000,1119.7400000,1119.9300000,3167078
RTSI,1,20181214,111200,1119.9200000,1120.2000000,1119.0200000,1119.0600000,2308763
RTSI,1,20181214,111300,1119.0200000,1119.4300000,1118.9500000,1119.2800000,1404990
RTSI,1,20181214,111400,1119.3700000,1119.4800000,1119.0100000,1119.2100000,2411825
RTSI,1,20181214,111500,1119.0100000,1120.3100000,1119.0100000,1120.1300000,1062779
RTSI,1,20181214,111600,1120.1200000,1120.1200000,1119.3000000,1119.3000000,1381300
RTSI,1,20181214,111700,1119.2700000,1119.8400000,1119.2700000,1119.4100000,2090240
RTSI,1,20181214,111800,1119.4000000,1119.4000000,1118.3900000,1118.7200000,1911747
RTSI,1,20181214,111900,1118.7500000,1118.9400000,1118.3400000,1118.8200000,2748378
RTSI,1,20181214,112000,1118.9200000,1119.0400000,1118.4100000,1118.4800000,1093619
RTSI,1,20181214,112100,1118.5200000,1119.0000000,1118.5200000,1118.6900000,1889859
RTSI,1,20181214,112200,1118.7100000,1119.1500000,1118.5000000,1119.0200000,1101296
RTSI,1,20181214,112300,1119.0500000,1119.8100000,1118.9800000,1119.7800000,964752
RTSI,1,20181214,112400,1119.7800000,1119.9400000,1119.5000000,1119.8400000,584762
RTSI,1,20181214,112500,1119.8100000,1119.8200000,1119.1200000,1119.8200000,1468120
RTSI,1,20181214,112600,1119.8300000,1119.8700000,1119.1600000,1119.4000000,1155904
RTSI,1,20181214,112700,1119.3900000,1119.5500000,1119.1500000,1119.4400000,987164
RTSI,1,20181214,112800,1119.4100000,1119.4300000,1119.0000000,1119.0500000,746595
RTSI,1,20181214,112900,1119.0000000,1119.0700000,1118.6400000,1118.8300000,933974
RTSI,1,20181214,113000,1118.9000000,1118.9000000,1118.6200000,1118.6300000,835468
RTSI,1,20181214,113100,1118.6400000,1118.6900000,1118.1100000,1118.1100000,2036801
RTSI,1,20181214,113200,1118.0900000,1118.1900000,1117.6000000,1117.8600000,3593317
RTSI,1,20181214,113300,1117.8600000,1118.5200000,1117.8300000,1118.4000000,1450600
RTSI,1,20181214,113400,1118.4500000,1118.6600000,1118.3800000,1118.5900000,1019625
RTSI,1,20181214,113500,1118.6400000,1119.2100000,1118.6000000,1119.1000000,1374847
RTSI,1,20181214,113600,1119.1200000,1119.1500000,1118.7000000,1119.0000000,3188775
RTSI,1,20181214,113700,1119.0600000,1119.1300000,1118.8000000,1119.0000000,822480
RTSI,1,20181214,113800,1119.0500000,1119.2700000,1118.8400000,1119.2300000,479665
RTSI,1,20181214,113900,1119.2900000,1119.2900000,1118.5200000,1118.5200000,710756
RTSI,1,20181214,114000,1118.5200000,1118.7200000,1118.2100000,1118.3800000,753369
RTSI,1,20181214,114100,1118.4200000,1118.8500000,1118.2700000,1118.7700000,1709149
RTSI,1,20181214,114200,1118.7800000,1119.2500000,1118.7800000,1119.2000000,767527
RTSI,1,20181214,114300,1119.2400000,1119.4200000,1119.0500000,1119.1400000,578306
RTSI,1,20181214,114400,1119.2800000,1119.4000000,1119.0200000,1119.0200000,1014295
RTSI,1,20181214,114500,1119.0700000,1119.2000000,1118.9500000,1119.0600000,1499188
RTSI,1,20181214,114600,1119.0900000,1119.2700000,1118.9700000,1119.0100000,1338957
RTSI,1,20181214,114700,1119.0100000,1119.0700000,1118.7900000,1118.9400000,662531
RTSI,1,20181214,114800,1118.9000000,1119.8500000,1118.7700000,1119.6300000,1465619
RTSI,1,20181214,114900,1119.5700000,1119.9400000,1119.1900000,1119.8900000,1536464
RTSI,1,20181214,115000,1119.8500000,1119.8500000,1119.0800000,1119.0900000,836933
RTSI,1,20181214,115100,1119.1100000,1119.2300000,1118.8900000,1119.0700000,1226104
RTSI,1,20181214,115200,1119.0800000,1119.0800000,1118.4400000,1118.6000000,1695501
RTSI,1,20181214,115300,1118.5500000,1118.7500000,1118.4700000,1118.5000000,453662
RTSI,1,20181214,115400,1118.4900000,1118.5100000,1117.7400000,1118.3800000,1338327
RTSI,1,20181214,115500,1118.4400000,1118.9700000,1118.3900000,1118.8200000,837000
RTSI,1,20181214,115600,1118.8200000,1118.8700000,1118.0300000,1118.1500000,3183841
RTSI,1,20181214,115700,1118.0600000,1118.2500000,1117.4200000,1117.6100000,1344876
RTSI,1,20181214,115800,1117.6300000,1118.4300000,1117.5300000,1118.3800000,803753
RTSI,1,20181214,115900,1118.4100000,1118.4300000,1117.6200000,1117.6200000,1165321
RTSI,1,20181214,120000,1117.6600000,1117.6600000,1116.6300000,1116.6600000,2502288
RTSI,1,20181214,120100,1116.7200000,1116.7200000,1116.3400000,1116.6500000,1615768
RTSI,1,20181214,120200,1116.6000000,1117.2300000,1116.4300000,1117.1400000,1264232
RTSI,1,20181214,120300,1117.1600000,1117.8700000,1117.1600000,1117.8600000,1219458
RTSI,1,20181214,120400,1117.8900000,1118.3200000,1117.7000000,1117.7600000,771521
RTSI,1,20181214,120500,1117.7500000,1117.7500000,1117.3300000,1117.6000000,423545
RTSI,1,20181214,120600,1117.6500000,1117.8300000,1117.4700000,1117.7100000,776126
RTSI,1,20181214,120700,1117.7100000,1117.8100000,1117.4100000,1117.5700000,635879
RTSI,1,20181214,120800,1117.5900000,1117.7600000,1117.4100000,1117.6200000,639015
RTSI,1,20181214,120900,1117.6700000,1117.8700000,1117.5600000,1117.7400000,853138
RTSI,1,20181214,121000,1117.7100000,1118.3800000,1117.7000000,1118.1300000,1149545
RTSI,1,20181214,121100,1118.1200000,1118.3200000,1117.9200000,1117.9600000,466902
RTSI,1,20181214,121200,1117.9600000,1118.1300000,1117.8100000,1118.1300000,399030
RTSI,1,20181214,121300,1118.1500000,1118.2100000,1117.8800000,1117.8800000,510421
RTSI,1,20181214,121400,1117.7800000,1118.0900000,1117.7400000,1118.0200000,584302
RTSI,1,20181214,121500,1118.0400000,1118.7200000,1118.0400000,1118.7000000,476884
RTSI,1,20181214,121600,1118.7200000,1118.7200000,1118.2600000,1118.2600000,498402
RTSI,1,20181214,121700,1118.2600000,1118.6100000,1118.2600000,1118.4800000,220838
RTSI,1,20181214,121800,1118.4900000,1118.6300000,1118.3300000,1118.4200000,762697
RTSI,1,20181214,121900,1118.4300000,1118.4900000,1118.2100000,1118.4100000,580650
RTSI,1,20181214,122000,1118.4000000,1118.4600000,1118.2000000,1118.3900000,129756
RTSI,1,20181214,122100,1118.3800000,1118.4200000,1118.0900000,1118.1400000,236930
RTSI,1,20181214,122200,1118.1700000,1118.3800000,1118.1000000,1118.3700000,520826
RTSI,1,20181214,122300,1118.3600000,1118.4000000,1118.1500000,1118.1500000,366906
RTSI,1,20181214,122400,1118.1800000,1118.2600000,1117.9300000,1118.1100000,545297
RTSI,1,20181214,122500,1118.1100000,1118.1600000,1117.8400000,1118.0900000,535113
RTSI,1,20181214,122600,1118.1100000,1118.1100000,1117.8000000,1117.9000000,375214
RTSI,1,20181214,122700,1117.9000000,1117.9200000,1117.7200000,1117.7400000,260021
RTSI,1,20181214,122800,1117.7000000,1118.1300000,1117.4300000,1117.8100000,965130
RTSI,1,20181214,122900,1117.8000000,1117.9400000,1117.7200000,1117.9100000,472925
RTSI,1,20181214,123000,1117.9100000,1118.0000000,1117.7900000,1117.9100000,560696
RTSI,1,20181214,123100,1117.9600000,1117.9600000,1117.3200000,1117.3800000,719286
RTSI,1,20181214,123200,1117.3700000,1117.7300000,1117.2600000,1117.7300000,664159
RTSI,1,20181214,123300,1117.7800000,1118.3000000,1117.7700000,1118.3000000,638414
RTSI,1,20181214,123400,1118.3200000,1118.6400000,1118.2100000,1118.6300000,938560
RTSI,1,20181214,123500,1118.6300000,1118.7800000,1118.5200000,1118.7100000,467000
RTSI,1,20181214,123600,1118.7000000,1118.7800000,1118.4700000,1118.6400000,462655
RTSI,1,20181214,123700,1118.6400000,1118.8500000,1118.6200000,1118.7500000,451560
RTSI,1,20181214,123800,1118.7400000,1118.7400000,1118.2600000,1118.2800000,339975
RTSI,1,20181214,123900,1118.2800000,1118.7600000,1118.2700000,1118.7400000,558610
RTSI,1,20181214,124000,1118.7100000,1119.3600000,1118.6000000,1119.0600000,715281
RTSI,1,20181214,124100,1119.0400000,1119.0800000,1118.7600000,1118.7800000,612968
RTSI,1,20181214,124200,1118.7600000,1118.7600000,1118.5600000,1118.5600000,295055
RTSI,1,20181214,124300,1118.5600000,1118.9500000,1118.3100000,1118.7400000,482535
RTSI,1,20181214,124400,1118.7800000,1118.8100000,1118.3400000,1118.3900000,645042
RTSI,1,20181214,124500,1118.4000000,1118.4000000,1117.8900000,1118.1100000,485086
RTSI,1,20181214,124600,1118.1300000,1118.1300000,1117.8900000,1117.9000000,286783
RTSI,1,20181214,124700,1117.9000000,1117.9100000,1117.5400000,1117.6400000,798475
RTSI,1,20181214,124800,1117.5300000,1117.7400000,1117.3000000,1117.3000000,802566
RTSI,1,20181214,124900,1117.2700000,1117.3300000,1116.9400000,1117.2500000,1341841
RTSI,1,20181214,125000,1117.2000000,1117.4300000,1117.1300000,1117.2300000,506859
RTSI,1,20181214,125100,1117.2300000,1117.4100000,1117.2100000,1117.3700000,565255
RTSI,1,20181214,125200,1117.2900000,1117.8000000,1117.2400000,1117.7000000,892613
RTSI,1,20181214,125300,1117.6300000,1117.6300000,1117.1800000,1117.3800000,510931
RTSI,1,20181214,125400,1117.4000000,1117.4600000,1116.3300000,1116.6500000,2722070
RTSI,1,20181214,125500,1116.5900000,1116.9700000,1116.5900000,1116.8600000,1300160
RTSI,1,20181214,125600,1116.8300000,1116.8600000,1116.5700000,1116.5900000,444204
RTSI,1,20181214,125700,1116.6400000,1116.6800000,1116.1200000,1116.5800000,733006
RTSI,1,20181214,125800,1116.5500000,1116.8500000,1116.5300000,1116.8500000,561466
RTSI,1,20181214,125900,1116.8500000,1116.9200000,1116.0500000,1116.2800000,651164
RTSI,1,20181214,130000,1116.3100000,1116.3600000,1116.1400000,1116.3400000,388719
RTSI,1,20181214,130100,1116.3500000,1116.9900000,1116.2000000,1116.9900000,680568
RTSI,1,20181214,130200,1117.0300000,1118.3400000,1117.0200000,1118.1700000,1034626
RTSI,1,20181214,130300,1118.1800000,1119.4400000,1118.1800000,1119.4400000,703212
RTSI,1,20181214,130400,1119.4400000,1119.4400000,1118.8200000,1118.9700000,630399
RTSI,1,20181214,130500,1119.0000000,1119.3900000,1118.9100000,1119.3600000,777925
RTSI,1,20181214,130600,1119.4000000,1119.4800000,1119.1000000,1119.2000000,595042
RTSI,1,20181214,130700,1119.2400000,1119.3500000,1119.0700000,1119.1000000,323755
RTSI,1,20181214,130800,1119.1100000,1119.2900000,1118.9700000,1118.9700000,719844
RTSI,1,20181214,130900,1118.9700000,1119.0900000,1118.6800000,1118.8700000,311508
RTSI,1,20181214,131000,1118.8700000,1118.9300000,1118.6200000,1118.6200000,676772
RTSI,1,20181214,131100,1118.6700000,1118.7600000,1118.5200000,1118.7000000,968280
RTSI,1,20181214,131200,1118.7000000,1118.7000000,1118.0700000,1118.0700000,847620
RTSI,1,20181214,131300,1118.0800000,1118.2500000,1117.7700000,1117.9700000,797196
RTSI,1,20181214,131400,1117.9700000,1117.9700000,1117.4100000,1117.4100000,623016
RTSI,1,20181214,131500,1117.4200000,1117.4200000,1117.0600000,1117.0600000,609126
RTSI,1,20181214,131600,1117.0600000,1117.7400000,1117.0400000,1117.7300000,414851
RTSI,1,20181214,131700,1117.6900000,1118.0900000,1117.6600000,1118.0800000,262719
RTSI,1,20181214,131800,1118.0900000,1118.0900000,1117.8400000,1117.9800000,296094
RTSI,1,20181214,131900,1117.9800000,1118.0200000,1117.8300000,1117.8400000,451443
RTSI,1,20181214,132000,1117.8000000,1117.8500000,1117.2900000,1117.2900000,926408
RTSI,1,20181214,132100,1117.3000000,1117.5500000,1117.2700000,1117.5400000,330425
RTSI,1,20181214,132200,1117.5600000,1117.9200000,1117.5600000,1117.7700000,485443
RTSI,1,20181214,132300,1117.7700000,1117.8100000,1117.3700000,1117.5100000,591081
RTSI,1,20181214,132400,1117.5200000,1117.8200000,1117.4900000,1117.8000000,439508
RTSI,1,20181214,132500,1117.8000000,1118.0300000,1117.6600000,1118.0000000,385929
RTSI,1,20181214,132600,1118.0100000,1118.1300000,1117.9000000,1117.9600000,524582
RTSI,1,20181214,132700,1117.9600000,1118.0500000,1117.8100000,1118.0400000,368660
RTSI,1,20181214,132800,1118.1200000,1118.3600000,1118.0800000,1118.3100000,343393
RTSI,1,20181214,132900,1118.3100000,1118.5400000,1118.3100000,1118.5400000,246130
RTSI,1,20181214,133000,1118.5400000,1118.7500000,1118.4700000,1118.7200000,295899
RTSI,1,20181214,133100,1118.7400000,1118.7400000,1117.4300000,1118.1100000,1418205
RTSI,1,20181214,133200,1118.1000000,1119.9900000,1118.1000000,1119.9300000,1114894
RTSI,1,20181214,133300,1119.9500000,1120.0100000,1118.4000000,1118.5500000,1150548
RTSI,1,20181214,133400,1118.5400000,1118.5400000,1118.2500000,1118.3400000,228134
RTSI,1,20181214,133500,1118.3700000,1118.8600000,1118.3700000,1118.8600000,679572
RTSI,1,20181214,133600,1118.8300000,1119.7100000,1118.8300000,1119.4600000,689649
RTSI,1,20181214,133700,1119.4800000,1119.4900000,1117.0200000,1117.0200000,6636472
RTSI,1,20181214,133800,1116.9900000,1117.1100000,1116.5500000,1117.0200000,3110704
RTSI,1,20181214,133900,1117.0500000,1117.8800000,1117.0500000,1117.8400000,1315216
RTSI,1,20181214,134000,1117.8300000,1117.9600000,1117.6500000,1117.6800000,375732
RTSI,1,20181214,134100,1117.6800000,1118.1700000,1117.6800000,1118.1700000,711861
RTSI,1,20181214,134200,1118.1600000,1118.4400000,1118.1200000,1118.3900000,599036
RTSI,1,20181214,134300,1118.4300000,1118.9200000,1118.4000000,1118.8900000,587013
RTSI,1,20181214,134400,1118.8800000,1119.0100000,1118.5300000,1118.7500000,335534
RTSI,1,20181214,134500,1118.7800000,1119.2100000,1118.6800000,1118.9300000,297132
RTSI,1,20181214,134600,1119.0000000,1119.0200000,1118.1400000,1118.1400000,576850
RTSI,1,20181214,134700,1118.1300000,1118.2500000,1117.9500000,1118.1100000,549506
RTSI,1,20181214,134800,1118.1400000,1118.3000000,1117.7600000,1117.9200000,333112
RTSI,1,20181214,134900,1117.9200000,1118.2200000,1117.8200000,1117.9000000,694602
RTSI,1,20181214,135000,1117.9000000,1118.2200000,1117.7300000,1118.2200000,317865
RTSI,1,20181214,135100,1118.2200000,1119.0800000,1117.9500000,1118.7600000,918322
RTSI,1,20181214,135200,1118.7200000,1118.8000000,1118.1900000,1118.2300000,208297
RTSI,1,20181214,135300,1118.2200000,1118.3400000,1118.1000000,1118.2000000,331447
RTSI,1,20181214,135400,1118.3200000,1118.8700000,1118.3200000,1118.8500000,661303
RTSI,1,20181214,135500,1118.8700000,1118.8700000,1118.5900000,1118.7500000,436735
RTSI,1,20181214,135600,1118.7800000,1118.8600000,1118.3500000,1118.4100000,321248
RTSI,1,20181214,135700,1118.4600000,1118.6000000,1118.3300000,1118.3400000,255859
RTSI,1,20181214,135800,1118.3200000,1118.8900000,1118.2500000,1118.8600000,382795
RTSI,1,20181214,135900,1118.8700000,1119.4100000,1118.8000000,1119.2900000,258713
RTSI,1,20181214,140000,1119.2900000,1119.2900000,1118.7900000,1118.8600000,122307
RTSI,1,20181214,140100,1118.9000000,1119.1200000,1118.8500000,1119.1200000,987193
RTSI,1,20181214,140200,1119.1100000,1119.1900000,1118.8500000,1118.8500000,160972
RTSI,1,20181214,140300,1118.8500000,1119.0700000,1118.8400000,1119.0600000,163228
RTSI,1,20181214,140400,1119.0600000,1119.0700000,1118.6500000,1118.6500000,266353
RTSI,1,20181214,140500,1118.6500000,1118.7200000,1118.4900000,1118.5400000,412875
RTSI,1,20181214,140600,1118.5700000,1118.8700000,1118.4800000,1118.7700000,737621
RTSI,1,20181214,140700,1118.7500000,1119.1400000,1118.6700000,1118.6700000,968701
RTSI,1,20181214,140800,1118.6600000,1118.6600000,1118.4900000,1118.5300000,629136
RTSI,1,20181214,140900,1118.4700000,1119.0600000,1118.4700000,1118.8600000,978625
RTSI,1,20181214,141000,1118.8600000,1119.1000000,1118.6600000,1119.0300000,699388
RTSI,1,20181214,141100,1119.0200000,1120.5700000,1119.0200000,1120.4600000,2098088
RTSI,1,20181214,141200,1120.5200000,1120.7900000,1119.6000000,1119.7900000,1205580
RTSI,1,20181214,141300,1119.7500000,1120.2800000,1119.6400000,1120.2000000,677956
RTSI,1,20181214,141400,1120.2700000,1120.4000000,1120.1600000,1120.3200000,267668
RTSI,1,20181214,141500,1120.3100000,1120.3100000,1119.7800000,1119.7800000,472085
RTSI,1,20181214,141600,1119.8500000,1120.2900000,1119.8400000,1120.2900000,459356
RTSI,1,20181214,141700,1120.3000000,1120.8800000,1120.1900000,1120.8300000,813532
RTSI,1,20181214,141800,1120.8300000,1120.9900000,1120.5700000,1120.9800000,1204368
RTSI,1,20181214,141900,1121.0100000,1121.0300000,1120.3100000,1120.3600000,545237
RTSI,1,20181214,142000,1120.3600000,1120.3600000,1119.7500000,1119.7700000,635439
RTSI,1,20181214,142100,1119.7900000,1119.8100000,1118.8000000,1118.9200000,1531320
RTSI,1,20181214,142200,1118.9200000,1118.9200000,1118.1200000,1118.3900000,1352942
RTSI,1,20181214,142300,1118.3800000,1118.3800000,1118.1300000,1118.2000000,307437
RTSI,1,20181214,142400,1118.1800000,1118.7200000,1118.1600000,1118.6600000,575766
RTSI,1,20181214,142500,1118.6700000,1118.7000000,1118.1200000,1118.1700000,596420
RTSI,1,20181214,142600,1118.1800000,1118.1800000,1117.8900000,1117.9200000,946232
RTSI,1,20181214,142700,1117.9300000,1118.8400000,1117.8600000,1118.8400000,468082
RTSI,1,20181214,142800,1118.7100000,1118.7600000,1118.4000000,1118.4000000,258981
RTSI,1,20181214,142900,1118.4100000,1118.5200000,1118.2100000,1118.2100000,331402
RTSI,1,20181214,143000,1118.2200000,1118.2900000,1118.1300000,1118.2600000,358869
RTSI,1,20181214,143100,1118.2600000,1118.4500000,1118.0200000,1118.3900000,545229
RTSI,1,20181214,143200,1118.3600000,1118.5500000,1118.2200000,1118.2200000,390544
RTSI,1,20181214,143300,1118.2600000,1118.2800000,1118.0800000,1118.1400000,186190
RTSI,1,20181214,143400,1118.1900000,1118.1900000,1117.9700000,1118.1200000,421218
RTSI,1,20181214,143500,1118.1200000,1118.3600000,1118.0800000,1118.1000000,338017
RTSI,1,20181214,143600,1118.0900000,1118.0900000,1117.6200000,1117.7400000,237934
RTSI,1,20181214,143700,1117.7300000,1118.0000000,1117.7300000,1117.9100000,254402
RTSI,1,20181214,143800,1117.9100000,1117.9300000,1117.7600000,1117.9300000,280790
RTSI,1,20181214,143900,1117.9300000,1117.9900000,1117.7400000,1117.7900000,426972
RTSI,1,20181214,144000,1117.8200000,1118.0100000,1117.7900000,1118.0100000,309433
RTSI,1,20181214,144100,1118.0300000,1118.1100000,1117.4300000,1117.4300000,367516
RTSI,1,20181214,144200,1117.4300000,1117.9200000,1117.4100000,1117.8400000,362617
RTSI,1,20181214,144300,1117.5600000,1117.5900000,1116.3800000,1116.5000000,868677
RTSI,1,20181214,144400,1116.5400000,1116.6300000,1115.6800000,1115.6800000,1657681
RTSI,1,20181214,144500,1115.7200000,1116.0500000,1115.1800000,1116.0100000,2062795
RTSI,1,20181214,144600,1116.0300000,1116.0300000,1115.8000000,1115.8900000,672089
RTSI,1,20181214,144700,1115.8800000,1117.1700000,1115.8800000,1117.1500000,624503
RTSI,1,20181214,144800,1117.1500000,1117.3800000,1117.1200000,1117.1200000,532483
RTSI,1,20181214,144900,1117.1400000,1117.6500000,1117.1200000,1117.6500000,543069
RTSI,1,20181214,145000,1117.6700000,1117.7100000,1117.3200000,1117.3200000,542261
RTSI,1,20181214,145100,1117.3600000,1117.4300000,1117.2900000,1117.4000000,470084
RTSI,1,20181214,145200,1117.4100000,1117.4100000,1116.8600000,1117.0400000,542933
RTSI,1,20181214,145300,1117.1600000,1117.4900000,1116.9400000,1117.4900000,544799
RTSI,1,20181214,145400,1117.5000000,1117.5900000,1117.3600000,1117.4100000,149035
RTSI,1,20181214,145500,1117.4400000,1117.4700000,1117.2500000,1117.3600000,174617
RTSI,1,20181214,145600,1117.0300000,1117.0300000,1116.1700000,1116.6300000,1475264
RTSI,1,20181214,145700,1116.8000000,1117.3600000,1116.7400000,1117.2600000,467876
RTSI,1,20181214,145800,1117.3500000,1117.6200000,1116.9000000,1116.9300000,496631
RTSI,1,20181214,145900,1116.9300000,1117.0400000,1116.9100000,1117.0300000,98470
RTSI,1,20181214,150000,1117.0900000,1117.2900000,1117.0800000,1117.1200000,174812
RTSI,1,20181214,150100,1117.1300000,1117.1600000,1115.4800000,1115.4800000,1186204
RTSI,1,20181214,150200,1115.4600000,1115.5700000,1115.1300000,1115.3900000,231939
RTSI,1,20181214,150300,1115.3700000,1115.8200000,1115.3700000,1115.5100000,788396
RTSI,1,20181214,150400,1115.5000000,1115.5200000,1114.9700000,1115.5100000,386386
RTSI,1,20181214,150500,1115.5700000,1115.6000000,1115.2900000,1115.2900000,373053
RTSI,1,20181214,150600,1115.3100000,1115.3300000,1115.0500000,1115.1600000,273774
RTSI,1,20181214,150700,1115.2300000,1115.7100000,1115.2200000,1115.5700000,400969
RTSI,1,20181214,150800,1115.1000000,1115.9000000,1115.0500000,1115.8000000,844252
RTSI,1,20181214,150900,1115.8600000,1116.1600000,1115.8600000,1116.0900000,342187
RTSI,1,20181214,151000,1116.1100000,1116.2100000,1116.0600000,1116.1300000,1068738
RTSI,1,20181214,151100,1116.1400000,1116.3900000,1116.0500000,1116.3900000,689008
RTSI,1,20181214,151200,1116.4400000,1116.6700000,1116.4400000,1116.5900000,536184
RTSI,1,20181214,151300,1116.5900000,1116.8700000,1116.5500000,1116.7300000,555775
RTSI,1,20181214,151400,1116.7800000,1116.7800000,1116.3000000,1116.3000000,374750
RTSI,1,20181214,151500,1116.4200000,1116.5100000,1116.3000000,1116.4600000,920542
RTSI,1,20181214,151600,1116.4600000,1116.6000000,1116.3000000,1116.5500000,691114
RTSI,1,20181214,151700,1116.5500000,1116.5900000,1116.3400000,1116.5600000,312922
RTSI,1,20181214,151800,1116.5600000,1116.8200000,1116.5000000,1116.7700000,615605
RTSI,1,20181214,151900,1116.7500000,1116.8400000,1116.6000000,1116.7900000,216975
RTSI,1,20181214,152000,1116.7900000,1117.0800000,1116.7100000,1116.9800000,278241
RTSI,1,20181214,152100,1116.9500000,1117.0200000,1116.7800000,1116.7800000,287591
RTSI,1,20181214,152200,1116.7700000,1116.7900000,1116.0100000,1116.1800000,996434
RTSI,1,20181214,152300,1116.1700000,1116.3300000,1115.9800000,1116.0400000,341726
RTSI,1,20181214,152400,1116.0900000,1116.0900000,1115.9200000,1116.0800000,295414
RTSI,1,20181214,152500,1116.0800000,1116.4400000,1116.0700000,1116.2900000,475009
RTSI,1,20181214,152600,1116.3200000,1116.5700000,1116.2900000,1116.3500000,1000440
RTSI,1,20181214,152700,1116.3500000,1116.5400000,1116.2500000,1116.5400000,458092
RTSI,1,20181214,152800,1116.5400000,1117.0100000,1116.5200000,1117.0100000,782573
RTSI,1,20181214,152900,1117.0000000,1117.2700000,1116.9800000,1117.2000000,643506
RTSI,1,20181214,153000,1117.1300000,1117.2100000,1116.7600000,1116.9000000,794868
RTSI,1,20181214,153100,1116.9800000,1117.2100000,1116.7300000,1116.7300000,757810
RTSI,1,20181214,153200,1116.8400000,1117.1900000,1116.8400000,1117.0100000,654513
RTSI,1,20181214,153300,1117.0000000,1117.0900000,1116.8600000,1117.0600000,670981
RTSI,1,20181214,153400,1117.0700000,1117.4200000,1117.0000000,1117.4200000,687104
RTSI,1,20181214,153500,1117.4200000,1117.8000000,1117.3700000,1117.8000000,1225305
RTSI,1,20181214,153600,1117.7800000,1117.9100000,1117.4800000,1117.8100000,518371
RTSI,1,20181214,153700,1117.8200000,1118.0500000,1117.7800000,1117.8200000,445586
RTSI,1,20181214,153800,1117.7100000,1117.8700000,1117.5500000,1117.7600000,922647
RTSI,1,20181214,153900,1117.7800000,1117.8300000,1116.6900000,1116.9800000,4712687
RTSI,1,20181214,154000,1116.9800000,1117.7500000,1116.9800000,1117.7500000,1360662
RTSI,1,20181214,154100,1117.8200000,1118.0800000,1117.6600000,1117.8200000,760844
RTSI,1,20181214,154200,1117.8300000,1118.1800000,1117.7800000,1118.0800000,543211
RTSI,1,20181214,154300,1118.0500000,1118.0500000,1117.7200000,1117.7700000,589729
RTSI,1,20181214,154400,1117.6700000,1118.2500000,1117.6700000,1118.2000000,1214937
RTSI,1,20181214,154500,1118.2000000,1118.3300000,1117.5800000,1117.7100000,1031881
RTSI,1,20181214,154600,1117.7300000,1117.7300000,1117.1300000,1117.1600000,1142110
RTSI,1,20181214,154700,1117.1400000,1117.1900000,1116.7300000,1117.0000000,522801
RTSI,1,20181214,154800,1116.7000000,1116.8700000,1116.5300000,1116.7900000,810733
RTSI,1,20181214,154900,1116.7700000,1116.7700000,1115.8800000,1115.8800000,905187
RTSI,1,20181214,155000,1115.8700000,1116.4500000,1115.5600000,1116.4500000,766989
RTSI,1,20181214,155100,1116.4400000,1116.4800000,1116.2500000,1116.3800000,315799
RTSI,1,20181214,155200,1116.4000000,1116.5400000,1116.4000000,1116.5300000,408682
RTSI,1,20181214,155300,1116.5500000,1116.5700000,1116.3200000,1116.3200000,561094
RTSI,1,20181214,155400,1116.4100000,1116.5600000,1116.3500000,1116.5200000,208931
RTSI,1,20181214,155500,1116.5300000,1116.7600000,1116.5000000,1116.7100000,256143
RTSI,1,20181214,155600,1116.7300000,1116.7900000,1116.5100000,1116.7300000,385239
RTSI,1,20181214,155700,1116.7200000,1116.8400000,1116.1600000,1116.1600000,203517
RTSI,1,20181214,155800,1116.1200000,1116.6800000,1116.1200000,1116.5200000,1120298
RTSI,1,20181214,155900,1116.4700000,1116.7100000,1116.3200000,1116.5100000,669992
RTSI,1,20181214,160000,1116.4900000,1116.5900000,1116.1700000,1116.4000000,706064
RTSI,1,20181214,160100,1116.3900000,1116.3900000,1115.6700000,1115.7000000,887648
RTSI,1,20181214,160200,1115.6800000,1115.9800000,1115.3300000,1115.6000000,915970
RTSI,1,20181214,160300,1115.5900000,1115.9400000,1115.2600000,1115.2700000,1838332
RTSI,1,20181214,160400,1115.2700000,1115.2800000,1115.0000000,1115.1300000,617747
RTSI,1,20181214,160500,1115.1200000,1115.1300000,1114.5800000,1115.0100000,283750
RTSI,1,20181214,160600,1114.9900000,1115.0700000,1114.7600000,1114.7600000,616979
RTSI,1,20181214,160700,1114.7900000,1114.9900000,1114.5700000,1114.9900000,370294
RTSI,1,20181214,160800,1114.9900000,1115.8400000,1114.9700000,1115.2400000,1430726
RTSI,1,20181214,160900,1115.2400000,1115.6800000,1115.2100000,1115.6800000,1007103
RTSI,1,20181214,161000,1115.6800000,1116.0600000,1115.6600000,1115.9500000,1603436
RTSI,1,20181214,161100,1115.8500000,1116.3200000,1115.8500000,1116.3200000,627617
RTSI,1,20181214,161200,1116.3000000,1116.8300000,1116.3000000,1116.4700000,1431663
RTSI,1,20181214,161300,1116.4800000,1116.5300000,1116.1500000,1116.4400000,730825
RTSI,1,20181214,161400,1116.4900000,1116.7100000,1116.3100000,1116.7000000,689073
RTSI,1,20181214,161500,1116.6900000,1117.0300000,1116.5600000,1116.9500000,1423221
RTSI,1,20181214,161600,1116.9600000,1117.1800000,1116.9000000,1117.1400000,1015204
RTSI,1,20181214,161700,1117.1300000,1117.2500000,1117.0500000,1117.1800000,753597
RTSI,1,20181214,161800,1117.1800000,1117.2800000,1117.0500000,1117.0900000,305863
RTSI,1,20181214,161900,1117.1300000,1117.5200000,1117.0000000,1117.4000000,1000316
RTSI,1,20181214,162000,1117.3900000,1117.4900000,1117.1800000,1117.1800000,813130
RTSI,1,20181214,162100,1117.1700000,1117.5100000,1117.1300000,1117.3000000,863653
RTSI,1,20181214,162200,1117.2300000,1117.3000000,1117.1000000,1117.1600000,743007
RTSI,1,20181214,162300,1117.1600000,1117.1600000,1116.8900000,1117.0000000,1117208
RTSI,1,20181214,162400,1116.9400000,1117.0800000,1116.8100000,1116.8900000,610927
RTSI,1,20181214,162500,1116.8800000,1116.9400000,1116.7200000,1116.9100000,306911
RTSI,1,20181214,162600,1116.9200000,1117.2400000,1116.8800000,1117.0000000,850959
RTSI,1,20181214,162700,1117.0000000,1117.2200000,1116.9500000,1117.1600000,1628982
RTSI,1,20181214,162800,1117.1400000,1117.1700000,1116.2800000,1116.3600000,633519
RTSI,1,20181214,162900,1116.3300000,1116.3800000,1116.1200000,1116.2300000,331110
RTSI,1,20181214,163000,1116.3400000,1116.5800000,1116.2900000,1116.5800000,526169
RTSI,1,20181214,163100,1116.5700000,1116.5900000,1116.4000000,1116.4000000,586232
RTSI,1,20181214,163200,1116.3900000,1116.6300000,1116.0800000,1116.4000000,1111507
RTSI,1,20181214,163300,1116.4000000,1116.4400000,1115.8200000,1115.8600000,374233
RTSI,1,20181214,163400,1115.8600000,1116.2500000,1115.8600000,1116.0000000,372440
RTSI,1,20181214,163500,1116.0000000,1116.8800000,1115.9800000,1116.6800000,1327673
RTSI,1,20181214,163600,1116.5900000,1116.8200000,1116.4000000,1116.7800000,852958
RTSI,1,20181214,163700,1116.7900000,1117.3500000,1116.7900000,1117.1300000,879092
RTSI,1,20181214,163800,1117.2000000,1117.2000000,1116.9300000,1117.0400000,250004
RTSI,1,20181214,163900,1117.0400000,1117.3900000,1116.9400000,1117.1000000,633254
RTSI,1,20181214,164000,1117.0800000,1117.1200000,1116.7100000,1116.7600000,421053
RTSI,1,20181214,164100,1116.8500000,1116.8500000,1116.4200000,1116.4300000,1441511
RTSI,1,20181214,164200,1116.4300000,1116.9800000,1116.3900000,1116.8700000,545315
RTSI,1,20181214,164300,1116.8700000,1117.1500000,1116.6700000,1116.8800000,917894
RTSI,1,20181214,164400,1116.7400000,1117.3200000,1116.7300000,1117.2300000,592418
RTSI,1,20181214,164500,1117.2200000,1117.4300000,1116.9500000,1117.3700000,993236
RTSI,1,20181214,164600,1117.3600000,1117.6700000,1117.3200000,1117.6700000,890124
RTSI,1,20181214,164700,1117.6200000,1118.0400000,1117.5600000,1117.5600000,992646
RTSI,1,20181214,164800,1117.5400000,1117.5400000,1117.0100000,1117.1200000,583152
RTSI,1,20181214,164900,1117.1800000,1117.5400000,1117.0900000,1117.3400000,407465
RTSI,1,20181214,165000,1117.3500000,1117.3500000,1117.1300000,1117.1900000,462855
RTSI,1,20181214,165100,1117.2300000,1117.7500000,1117.2100000,1117.6400000,689556
RTSI,1,20181214,165200,1117.7100000,1118.4300000,1117.6700000,1117.9300000,1593880
RTSI,1,20181214,165300,1117.9100000,1118.3900000,1117.9100000,1118.2600000,459179
RTSI,1,20181214,165400,1118.3300000,1118.4000000,1118.0900000,1118.3400000,690653
RTSI,1,20181214,165500,1118.4300000,1118.5300000,1118.3200000,1118.3600000,492755
RTSI,1,20181214,165600,1118.3600000,1118.5200000,1118.0900000,1118.1700000,789786
RTSI,1,20181214,165700,1118.1700000,1119.0400000,1118.1000000,1118.9700000,2010339
RTSI,1,20181214,165800,1118.9600000,1119.3600000,1118.9400000,1119.2300000,1165280
RTSI,1,20181214,165900,1119.2800000,1119.7000000,1119.1300000,1119.3000000,1896609
RTSI,1,20181214,170000,1119.3500000,1119.6100000,1119.2500000,1119.5800000,636086
RTSI,1,20181214,170100,1119.7000000,1119.8700000,1119.0500000,1119.0500000,1540278
RTSI,1,20181214,170200,1119.0600000,1119.0800000,1118.4900000,1118.7000000,1060811
RTSI,1,20181214,170300,1118.6700000,1118.7000000,1118.3900000,1118.4500000,1110351
RTSI,1,20181214,170400,1118.4400000,1118.4400000,1117.9400000,1117.9400000,269104
RTSI,1,20181214,170500,1117.9400000,1118.2000000,1117.8900000,1118.1000000,795885
RTSI,1,20181214,170600,1118.0900000,1118.2300000,1117.8800000,1118.0800000,635264
RTSI,1,20181214,170700,1118.0900000,1118.1700000,1117.5000000,1117.5300000,840592
RTSI,1,20181214,170800,1117.5200000,1118.0000000,1117.3700000,1117.9200000,536408
RTSI,1,20181214,170900,1117.9200000,1117.9800000,1117.7800000,1117.8800000,336100
RTSI,1,20181214,171000,1117.8800000,1118.0100000,1117.6300000,1117.8000000,674715
RTSI,1,20181214,171100,1117.8700000,1118.1000000,1117.7700000,1117.9900000,604857
RTSI,1,20181214,171200,1118.0100000,1118.1500000,1118.0000000,1118.0600000,678697
RTSI,1,20181214,171300,1118.0600000,1118.1400000,1117.6500000,1117.6500000,831906
RTSI,1,20181214,171400,1117.6400000,1118.1100000,1117.6200000,1118.0100000,618210
RTSI,1,20181214,171500,1118.0000000,1118.1500000,1117.5800000,1117.5800000,394505
RTSI,1,20181214,171600,1117.5600000,1118.0300000,1117.5300000,1118.0100000,483462
RTSI,1,20181214,171700,1118.0000000,1118.1400000,1117.8900000,1118.0700000,471648
RTSI,1,20181214,171800,1118.0800000,1118.2500000,1117.8900000,1117.8900000,446736
RTSI,1,20181214,171900,1117.8600000,1118.2600000,1117.8000000,1118.0300000,586629
RTSI,1,20181214,172000,1118.0000000,1118.8200000,1117.9000000,1118.6200000,1136900
RTSI,1,20181214,172100,1118.6200000,1119.0000000,1118.6000000,1119.0000000,835375
RTSI,1,20181214,172200,1119.0300000,1119.4500000,1118.9400000,1119.2200000,862848
RTSI,1,20181214,172300,1119.2000000,1119.2700000,1118.8800000,1118.8800000,292577
RTSI,1,20181214,172400,1118.8800000,1119.0000000,1118.6400000,1118.8000000,882378
RTSI,1,20181214,172500,1118.7200000,1118.8700000,1118.6200000,1118.7400000,426649
RTSI,1,20181214,172600,1118.7400000,1118.9600000,1118.6500000,1118.6700000,355968
RTSI,1,20181214,172700,1118.7000000,1118.7000000,1117.7500000,1117.7500000,926175
RTSI,1,20181214,172800,1117.7600000,1118.0500000,1117.7600000,1117.9700000,389685
RTSI,1,20181214,172900,1117.9700000,1118.0400000,1117.7000000,1117.9800000,466511
RTSI,1,20181214,173000,1117.9600000,1117.9600000,1117.3500000,1117.4100000,890930
RTSI,1,20181214,173100,1117.3800000,1117.7900000,1117.1700000,1117.7900000,1288226
RTSI,1,20181214,173200,1117.7700000,1117.7700000,1117.1700000,1117.3300000,967777
RTSI,1,20181214,173300,1117.3700000,1117.3700000,1116.9400000,1116.9500000,1133130
RTSI,1,20181214,173400,1116.9600000,1116.9600000,1116.0600000,1116.8400000,1803718
RTSI,1,20181214,173500,1116.5400000,1116.5400000,1113.9600000,1114.2100000,3114719
RTSI,1,20181214,173600,1114.0800000,1114.0800000,1112.3500000,1112.6100000,2046102
RTSI,1,20181214,173700,1112.6900000,1112.9800000,1112.3300000,1112.9800000,1816856
RTSI,1,20181214,173800,1113.0100000,1113.0100000,1111.9500000,1112.1500000,1500203
RTSI,1,20181214,173900,1111.8500000,1113.8200000,1111.7900000,1113.7400000,1294277
RTSI,1,20181214,174000,1113.7500000,1113.7500000,1112.9300000,1112.9300000,865839
RTSI,1,20181214,174100,1113.2400000,1113.4000000,1112.5600000,1113.4000000,1139928
RTSI,1,20181214,174200,1113.3900000,1114.4400000,1113.3900000,1114.4400000,659214
RTSI,1,20181214,174300,1114.4400000,1114.9800000,1114.2300000,1114.8600000,1027718
RTSI,1,20181214,174400,1114.8600000,1114.9100000,1114.2700000,1114.5900000,521884
RTSI,1,20181214,174500,1114.6600000,1114.7000000,1114.0700000,1114.2500000,1147066
RTSI,1,20181214,174600,1114.2100000,1114.7300000,1114.2100000,1114.3400000,549858
RTSI,1,20181214,174700,1114.3100000,1114.3100000,1113.8300000,1113.8300000,263975
RTSI,1,20181214,174800,1113.8900000,1114.7000000,1113.5100000,1114.6200000,970818
RTSI,1,20181214,174900,1114.6400000,1114.6400000,1113.9500000,1114.4400000,792556
RTSI,1,20181214,175000,1114.4400000,1114.7400000,1114.3200000,1114.7400000,699907
RTSI,1,20181214,175100,1114.7900000,1114.8100000,1113.6700000,1113.7000000,944746
RTSI,1,20181214,175200,1113.6800000,1113.9000000,1113.1000000,1113.8400000,875929
RTSI,1,20181214,175300,1113.8500000,1114.7100000,1113.8500000,1114.6200000,609077
RTSI,1,20181214,175400,1114.6300000,1114.9900000,1114.2800000,1114.5500000,828306
RTSI,1,20181214,175500,1114.5300000,1115.5200000,1114.5100000,1115.5200000,792057
RTSI,1,20181214,175600,1115.5700000,1115.6200000,1114.9200000,1115.3700000,835017
RTSI,1,20181214,175700,1115.3600000,1115.4300000,1114.9500000,1114.9900000,1121677
RTSI,1,20181214,175800,1114.9900000,1115.0000000,1114.1800000,1114.5900000,1044655
RTSI,1,20181214,175900,1114.6000000,1115.3100000,1114.6000000,1115.3100000,1008457
RTSI,1,20181214,180000,1115.3400000,1115.5300000,1114.4300000,1114.5200000,1845428
RTSI,1,20181214,180100,1114.5200000,1114.9400000,1114.4100000,1114.8500000,581217
RTSI,1,20181214,180200,1114.8400000,1115.9200000,1114.8400000,1115.8400000,1318487
RTSI,1,20181214,180300,1115.8800000,1116.0200000,1115.7200000,1115.8500000,511345
RTSI,1,20181214,180400,1115.8200000,1116.0700000,1115.8000000,1115.9100000,752247
RTSI,1,20181214,180500,1116.0200000,1116.0400000,1115.7600000,1115.8100000,386944
RTSI,1,20181214,180600,1115.8000000,1115.9600000,1115.2000000,1115.3400000,734041
RTSI,1,20181214,180700,1115.3400000,1115.4100000,1114.9500000,1115.1700000,662897
RTSI,1,20181214,180800,1115.1600000,1115.1600000,1114.8500000,1115.0300000,528262
RTSI,1,20181214,180900,1114.9900000,1115.2800000,1114.9200000,1114.9800000,1329357
RTSI,1,20181214,181000,1115.1300000,1115.3400000,1114.8900000,1115.2100000,466537
RTSI,1,20181214,181100,1115.1400000,1115.4000000,1114.4800000,1114.5600000,1467529
RTSI,1,20181214,181200,1114.5900000,1114.6400000,1113.7400000,1114.0800000,2092887
RTSI,1,20181214,181300,1114.0200000,1114.0200000,1113.3000000,1113.5600000,994461
RTSI,1,20181214,181400,1113.6200000,1113.6300000,1112.9800000,1113.1800000,571805
RTSI,1,20181214,181500,1113.1800000,1113.9400000,1113.1000000,1113.6300000,1066773
RTSI,1,20181214,181600,1113.6300000,1114.1000000,1113.6300000,1113.8700000,719073
RTSI,1,20181214,181700,1113.7800000,1115.0100000,1113.7600000,1115.0100000,1042180
RTSI,1,20181214,181800,1115.0200000,1115.0900000,1114.7200000,1114.8800000,758160
RTSI,1,20181214,181900,1114.8500000,1115.0200000,1114.6000000,1114.7000000,1064573
RTSI,1,20181214,182000,1114.7200000,1115.1300000,1114.6600000,1115.1300000,983737
RTSI,1,20181214,182100,1115.1200000,1115.3700000,1115.1200000,1115.2400000,713818
RTSI,1,20181214,182200,1115.2400000,1115.2800000,1114.9900000,1115.2400000,515301
RTSI,1,20181214,182300,1115.3400000,1115.5600000,1115.1700000,1115.4200000,504591
RTSI,1,20181214,182400,1115.3800000,1115.5500000,1115.2900000,1115.3900000,430506
RTSI,1,20181214,182500,1115.4100000,1115.5400000,1115.3200000,1115.5400000,1324281
RTSI,1,20181214,182600,1115.5700000,1115.6800000,1115.3000000,1115.4400000,771994
RTSI,1,20181214,182700,1115.3900000,1115.4900000,1115.2500000,1115.3600000,752649
RTSI,1,20181214,182800,1115.3300000,1115.3300000,1114.6300000,1114.8500000,1392412
RTSI,1,20181214,182900,1114.8500000,1115.1300000,1114.4700000,1114.6900000,1296020
RTSI,1,20181214,183000,1114.8000000,1114.9700000,1114.7200000,1114.7700000,1026715
RTSI,1,20181214,183100,1114.8500000,1114.9000000,1114.0800000,1114.4100000,1307777
RTSI,1,20181214,183200,1114.4200000,1114.5000000,1114.1900000,1114.4600000,1013548
RTSI,1,20181214,183300,1114.4600000,1114.6000000,1114.1600000,1114.1600000,1827805
RTSI,1,20181214,183400,1114.1600000,1114.7600000,1113.9200000,1114.1500000,1957394
RTSI,1,20181214,183500,1114.2100000,1114.6800000,1114.2100000,1114.5600000,1187795
RTSI,1,20181214,183600,1114.5100000,1114.8200000,1114.1400000,1114.7200000,1308070
RTSI,1,20181214,183700,1114.7400000,1115.0700000,1114.7400000,1115.0700000,1152687
RTSI,1,20181214,183800,1115.0200000,1115.3800000,1114.8900000,1115.3000000,1779136
RTSI,1,20181214,183900,1115.3100000,1116.0800000,1115.2700000,1116.0800000,1580768
RTSI,1,20181214,184000,1116.1100000,1116.2000000,1115.6100000,1115.6100000,3976009
RTSI,1,20181214,184100,1115.6000000,1115.6000000,1115.6000000,1115.6000000,0
RTSI,1,20181214,185100,1116.5000000,1116.5000000,1116.5000000,1116.5000000,21718378
